{"projection": {"correct": 6, "total": 6, "failed": []}, "hw2_hidden": {"correct": 5, "total": 5, "failed": []}, "logical": {"correct": 3, "total": 3, "failed": []}, "aggre": {"correct": 4, "total": 4, "failed": []}, "string": {"correct": 3, "total": 3, "failed": []}, "delete": {"correct": 7, "total": 7, "failed": []}, "primary_key": {"correct": 4, "total": 4, "failed": []}, "limit": {"correct": 3, "total": 3, "failed": []}, "offset": {"correct": 3, "total": 3, "failed": []}, "update": {"correct": 6, "total": 6, "failed": []}, "numeric_where": {"correct": 6, "total": 6, "failed": []}}